bug_type,timestamp_local,incident_id,os_version,epoch_hits,myviettel_hits,file
288,2025-06-04 22:19:05.00,E61B134D-44D3-4FD6-BC7B-350FB3A8D774,iPhone OS 18.5 (22F76),0,0,/mnt/data/KABUKI_INV_2025-06-04_outputs/bug_type_288-2025_0604_221905.extracted.txt
288,2025-06-04 22:19:05.00,E61B134D-44D3-4FD6-BC7B-350FB3A8D774,iPhone OS 18.5 (22F76),0,0,/mnt/data/KABUKI_INV_2025-06-04_outputs/Text-06- bug-type-288-2025-0604-221905.extracted.txt
,,,,0,0,/mnt/data/KABUKI_INV_2025-06-04_outputs/extracted/Tajima/不正証拠/viettel_bundle_analysis_report.txt
,,,,0,0,/mnt/data/KABUKI_INV_2025-06-04_outputs/extracted/Tajima/history_search.txt
