[
  {
    "bug_type":"288",
    "timestamp_local":"2025-06-04 22:19:05.00",
    "incident_id":"E61B134D-44D3-4FD6-BC7B-350FB3A8D774",
    "os_version":"iPhone OS 18.5 (22F76)",
    "epoch_hits":0,
    "myviettel_hits":0,
    "file":"\/mnt\/data\/KABUKI_INV_2025-06-04_outputs\/bug_type_288-2025_0604_221905.extracted.txt"
  },
  {
    "bug_type":"288",
    "timestamp_local":"2025-06-04 22:19:05.00",
    "incident_id":"E61B134D-44D3-4FD6-BC7B-350FB3A8D774",
    "os_version":"iPhone OS 18.5 (22F76)",
    "epoch_hits":0,
    "myviettel_hits":0,
    "file":"\/mnt\/data\/KABUKI_INV_2025-06-04_outputs\/Text-06- bug-type-288-2025-0604-221905.extracted.txt"
  },
  {
    "bug_type":null,
    "timestamp_local":null,
    "incident_id":null,
    "os_version":null,
    "epoch_hits":0,
    "myviettel_hits":0,
    "file":"\/mnt\/data\/KABUKI_INV_2025-06-04_outputs\/extracted\/Tajima\/不正証拠\/viettel_bundle_analysis_report.txt"
  },
  {
    "bug_type":null,
    "timestamp_local":null,
    "incident_id":null,
    "os_version":null,
    "epoch_hits":0,
    "myviettel_hits":0,
    "file":"\/mnt\/data\/KABUKI_INV_2025-06-04_outputs\/extracted\/Tajima\/history_search.txt"
  }
]